AsciiStringChars,_AsciiStringChars,878,DATA,
CompileEx,_CompileEx@16,1080,,
CompileLine,_CompileLine@16,279,,
ExecuteFile,_ExecuteFile@28,201,,
ExecuteLine,_ExecuteLine@32,280,,
ExtraFree,_ExtraFree@8,177,,
FlagsDisable,_FlagsDisable@8,185,,
FlagsEnable,_FlagsEnable@8,184,,
IDCFuncs,_IDCFuncs,821,DATA,
InstrIsSet,_InstrIsSet@8,941,,
MD5Final,_MD5Final@8,534,,
MD5Init,_MD5Init@4,957,,
MD5Transform,_MD5Transform@8,608,,
MD5Update,_MD5Update@12,334,,
MakeBorder,_MakeBorder@0,753,,
MakeLine,_MakeLine@8,276,,
MakeNull,_MakeNull@0,570,,
MakeSolidBorder,_MakeSolidBorder@0,752,,
MangleChars,_MangleChars,876,DATA,
NameChars,_NameChars,877,DATA,
OutBadInstruction,_OutBadInstruction@0,655,,
OutChar,_OutChar@4,726,,
OutImmChar,_OutImmChar@4,722,,
OutLine,_OutLine@4,281,,
OutLong,_OutLong@8,463,,
OutMnem,_OutMnem@8,580,,
OutValue,_OutValue@8,370,,
QueueDel,_QueueDel@8,547,,
QueueGet,_QueueGet@4,924,,
QueueGetType,_QueueGetType@8,317,,
QueueMark,_QueueMark@8,529,,
Registration,_Registration@4,653,,
RootNode,_RootNode,176,DATA,
Run,_Run@24,665,,
SRareas,_SRareas,819,DATA,
SetDefaultRegisterValue,_SetDefaultRegisterValue@12,369,,
SubstChar,_SubstChar,725,DATA,
VarFloat,_VarFloat@4,916,,
VarFree,_VarFree@4,180,,
VarLong,_VarLong@4,462,,
VarNum,_VarNum@4,623,,
VarString,_VarString@4,450,,
XlatAsciiName,_XlatAsciiName,264,DATA,
___CPPdebugHook,___CPPdebugHook,1112,DATA,by_name
a2funcoff,_a2funcoff@12,407,,
add_auto_stkpnt,_add_auto_stkpnt@8,986,,
add_byte,_add_byte@8,353,,
add_const,_add_const@16,1015,,
add_cref,_add_cref@12,398,,
add_dref,_add_dref@12,401,,
add_entry,_add_entry@16,1100,,
add_enum,_add_enum@12,613,,
add_frame,_add_frame@16,268,,
add_func,_add_func@8,78,,
add_func_ex,_add_func_ex@4,1073,,
add_hidden_area,_add_hidden_area@24,47,,
add_long,_add_long@12,452,,
add_long_cmt_v,_add_long_cmt_v@16,1050,,
add_regarg,_add_regarg@16,465,,
add_regvar,_add_regvar@24,728,,
add_segm,_add_segm@20,586,,
add_segm_ex,_add_segm_ex@16,1074,,
add_segment_translation,_add_segment_translation@8,651,,
add_sourcefile,_add_sourcefile@12,197,,
add_stkvar,_add_stkvar@8,733,,
add_stkvar2,_add_stkvar2@24,12,,
add_struc,_add_struc@12,102,,
add_struc_member,_add_struc_member@24,743,,
add_til,_add_til@4,558,,
add_user_stkpnt,_add_user_stkpnt@8,987,,
add_word,_add_word@12,148,,
addblanks,_addblanks@8,857,,
align_down_to_stack,_align_down_to_stack@4,515,,
align_up_to_stack,_align_up_to_stack@8,516,,
allocate_selector,_allocate_selector@4,784,,
analyze_area,_analyze_area@8,45,,
ansi2idb,_ansi2idb@4,64,,
append_cmt,_append_cmt@12,965,,
append_func_tail,_append_func_tail@12,553,,
append_snprintf,_append_snprintf,420,,
append_struct_fields,_append_struct_fields@36,824,,
apply_callee_type,_apply_callee_type@12,296,,
apply_cdecl,_apply_cdecl@8,543,,
apply_idasgn,_apply_idasgn@4,640,,
apply_idasgn_to,_apply_idasgn_to@12,689,,
apply_named_type,_apply_named_type@8,295,,
apply_once_type_and_name,_apply_once_type_and_name@12,220,,
apply_type,_apply_type@12,311,,
apply_type_to_stkarg,_apply_type_to_stkarg@16,466,,
areacb_t_choose_area,_areacb_t_choose_area@48,43,,
areacb_t_choose_area2,_areacb_t_choose_area2@52,11,,
areacb_t_create,_areacb_t_create@16,337,,
areacb_t_create_area,_areacb_t_create_area@8,44,,
areacb_t_del_area,_areacb_t_del_area@12,46,,
areacb_t_for_all_areas,_areacb_t_for_all_areas@20,817,,
areacb_t_get_area,_areacb_t_get_area@8,49,,
areacb_t_get_area_cmt,_areacb_t_get_area_cmt@12,962,,
areacb_t_get_area_num,_areacb_t_get_area_num@8,611,,
areacb_t_get_area_qty,_areacb_t_get_area_qty@4,1105,,
areacb_t_get_next_area,_areacb_t_get_next_area@8,50,,
areacb_t_get_prev_area,_areacb_t_get_prev_area@8,51,,
areacb_t_getn_area,_areacb_t_getn_area@8,48,,
areacb_t_kill,_areacb_t_kill@4,569,,
areacb_t_link,_areacb_t_link@16,522,,
areacb_t_make_hole,_areacb_t_make_hole@16,208,,
areacb_t_may_end_at,_areacb_t_may_end_at@12,911,,
areacb_t_may_start_at,_areacb_t_may_start_at@12,912,,
areacb_t_move_areas,_areacb_t_move_areas@24,815,,
areacb_t_prepare_to_create,_areacb_t_prepare_to_create@12,336,,
areacb_t_resize_areas,_areacb_t_resize_areas@12,816,,
areacb_t_save,_areacb_t_save@4,371,,
areacb_t_set_area_cmt,_areacb_t_set_area_cmt@16,963,,
areacb_t_set_end,_areacb_t_set_end@12,143,,
areacb_t_set_start,_areacb_t_set_start@12,997,,
areacb_t_terminate,_areacb_t_terminate@4,342,,
areacb_t_update,_areacb_t_update@8,335,,
areacb_t_zero,_areacb_t_zero@4,678,,
asctoreal,_asctoreal@8,532,,
ash,_ash,476,DATA,
ask_selector,_ask_selector@4,786,,
atob32,_atob32@8,7,,
atob64,_atob64@8,16,,
atoea,_atoea@8,42,,
atos,_atos@8,872,,
autoCancel,_autoCancel@8,546,,
autoEnabled,_autoEnabled,119,DATA,
autoGetName,_autoGetName@4,266,,
autoIsOk,_autoIsOk@0,526,,
autoStep,_autoStep@0,697,,
autoUnmark,_autoUnmark@12,530,,
autoWait,_autoWait@0,948,,
auto_apply_type,_auto_apply_type@8,312,,
auto_get,_auto_get@12,923,,
auto_mark_range,_auto_mark_range@12,181,,
auto_state,_auto_state,347,DATA,
b2a32,_b2a32@20,5,,
b2a64,_b2a64@24,14,,
b2a_width,_b2a_width@8,493,,
back_char,_back_char@4,719,,
base2file,_base2file@16,188,,
batch,_batch,471,DATA,
bin_search,_bin_search@28,470,,
btoa128,_btoa128@28,18,,
btoa32,_btoa32@16,6,,
btoa64,_btoa64@20,15,,
btoa_width,_btoa_width@12,494,,
build_funcarg_arrays,_build_funcarg_arrays@28,909,,
build_loaders_list,_build_loaders_list@4,1008,,
build_stkvar_name,_build_stkvar_name@16,243,,
calc_bare_name,_calc_bare_name@16,227,,
calc_bg_color,_calc_bg_color@4,772,,
calc_crc32,_calc_crc32@12,8,,
calc_def_align,_calc_def_align@12,631,,
calc_file_crc32,_calc_file_crc32@4,9,,
calc_idasgn_state,_calc_idasgn_state@4,346,,
calc_max_align,_calc_max_align@4,633,,
calc_max_item_end,_calc_max_item_end@8,141,,
calc_min_align,_calc_min_align@4,632,,
calc_names_cmts,_calc_names_cmts@24,902,,
calc_prefix_color,_calc_prefix_color@4,776,,
calc_probable_base_by_value,_calc_probable_base_by_value@8,363,,
calc_reference_basevalue,_calc_reference_basevalue@16,364,,
calc_reference_target,_calc_reference_target@12,925,,
calc_stkvar_struc_offset,_calc_stkvar_struc_offset@12,931,,
calcexpr,_calcexpr@20,796,,
calcexpr_long,_calcexpr_long@20,457,,
call_system,_call_system@4,583,,
callui,_callui,509,DATA,
can_be_off32,_can_be_off32@4,10,,
can_define_item,_can_define_item@12,581,,
change_segment_status,_change_segment_status@8,908,,
checkdspace,_checkdspace@4,162,,
choose_ioport_device,_choose_ioport_device@16,164,,
choose_named_type,_choose_named_type@16,289,,
chunksize,_chunksize@4,389,,
chunkstart,_chunkstart@4,998,,
clear_func_struct,_clear_func_struct@4,917,,
close_linput,_close_linput@4,1033,,
closing_comment,_closing_comment@0,977,,
clrFlbits,_clrFlbits@8,897,,
clr_abits,_clr_abits@8,895,,
clr_lzero,_clr_lzero@8,680,,
cmd,_cmd,130,DATA,
cmparg,_cmparg@40,467,,
codeSeg,_codeSeg@8,438,,
command_line_file,_command_line_file,190,DATA,
construct_macro,_construct_macro@8,677,,
contains_fixups,_contains_fixups@8,874,,
create_filename_cmt,_create_filename_cmt@0,966,,
create_flow_chart,_create_flow_chart@4,993,,
create_lexer,_create_lexer@12,763,,
create_xrefs_from,_create_xrefs_from@4,601,,
curloc_get,_curloc_get@8,921,,
curloc_jump,_curloc_jump@8,701,,
curloc_jump_push,_curloc_jump_push@24,479,,
curloc_linkTo,_curloc_linkTo@8,693,,
curloc_mark,_curloc_mark@16,527,,
curloc_markdesc,_curloc_markdesc@16,98,,
curloc_markedpos,_curloc_markedpos@8,870,,
curloc_pop,_curloc_pop@8,707,,
dataSeg,_dataSeg@0,436,,
dataSeg_op,_dataSeg_op@4,704,,
dataSeg_opreg,_dataSeg_opreg@8,434,,
database_flags,_database_flags,849,DATA,
database_idb,_database_idb,67,DATA,
dbg,_dbg,431,DATA,
debug,_debug,468,DATA,
decode_prev_insn,_decode_prev_insn@4,663,,
delValue,_delValue@4,367,,
del_aflags,_del_aflags@4,850,,
del_const,_del_const@16,1021,,
del_cref,_del_cref@12,400,,
del_debug_names,_del_debug_names@8,829,,
del_dref,_del_dref@8,403,,
del_enum,_del_enum@4,615,,
del_frame,_del_frame@4,269,,
del_func,_del_func@4,81,,
del_idasgn,_del_idasgn@4,638,,
del_item_color,_del_item_color@4,773,,
del_named_type,_del_named_type@12,290,,
del_refinfo,_del_refinfo@8,673,,
del_regvar,_del_regvar@16,731,,
del_segm,_del_segm@8,589,,
del_selector,_del_selector@4,787,,
del_source_linnum,_del_source_linnum@4,620,,
del_sourcefile,_del_sourcefile@4,198,,
del_stkpnt,_del_stkpnt@8,985,,
del_stroff_path,_del_stroff_path@8,482,,
del_struc,_del_struc@4,105,,
del_struc_member,_del_struc_member@8,744,,
del_struc_members,_del_struc_members@12,880,,
del_til,_del_til@4,561,,
delete_all_xrefs_from,_delete_all_xrefs_from@8,602,,
delete_unreferenced_stkvars,_delete_unreferenced_stkvars@4,879,,
delete_wrong_stkvar_ops,_delete_wrong_stkvar_ops@4,873,,
demangle,_demangle@16,187,,
demangle_name,_demangle_name@16,224,,
describex,_describex@20,1079,,
destroy_lexer,_destroy_lexer@4,764,,
display_complex_call_chart,_display_complex_call_chart@24,992,,
display_flow_graph,_display_flow_graph@20,475,,
display_gdl,_display_gdl@4,545,,
display_simple_call_chart,_display_simple_call_chart@12,991,,
do16bit,_do16bit@8,952,,
doAlign,_doAlign@12,634,,
doImmd,_doImmd@4,131,,
doVar,_doVar@8,738,,
do_data_ex,_do_data_ex@16,1072,,
do_name_anyway,_do_name_anyway@12,1091,,
do_unknown,_do_unknown@8,668,,
do_unknown_range,_do_unknown_range@12,182,,
dosysfile,_dosysfile@8,205,,
dto,_dto,692,DATA,
dto_copy_from_inf,_dto_copy_from_inf@8,417,,
dto_copy_to_inf,_dto_copy_to_inf@8,418,,
dto_init,_dto_init@8,958,,
ea2str,_ea2str@12,805,,
eadd,_eadd@16,117,,
echsize,_echsize@8,387,,
eclose,_eclose@4,331,,
ecmp,_ecmp@8,698,,
ecreate,_ecreate@4,338,,
ecreateT,_ecreateT@4,942,,
ediv,_ediv@12,1059,,
eetol,_eetol@12,572,,
efilelength,_efilelength@4,496,,
eldexp,_eldexp@12,715,,
eltoe,_eltoe@8,286,,
emdnorm,_emdnorm@20,609,,
emovi,_emovi@8,510,,
emovo,_emovo@8,696,,
emul,_emul@12,574,,
entab,_entab@4,62,,
enumerate_files,_enumerate_files@24,828,,
enumerate_segments_with_selector,_enumerate_segments_with_selector@12,785,,
enumerate_selectors,_enumerate_selectors@4,883,,
enumplace_t__adjust,_enumplace_t__adjust@8,1028,,
enumplace_t__beginning,_enumplace_t__beginning@8,446,,
enumplace_t__clone,_enumplace_t__clone@4,284,,
enumplace_t__compare,_enumplace_t__compare@8,319,,
enumplace_t__copyfrom,_enumplace_t__copyfrom@8,606,,
enumplace_t__ending,_enumplace_t__ending@8,442,,
enumplace_t__generate,_enumplace_t__generate@28,344,,
enumplace_t__makeplace,_enumplace_t__makeplace@16,160,,
enumplace_t__next,_enumplace_t__next@8,1041,,
enumplace_t__prev,_enumplace_t__prev@8,1053,,
enumplace_t__print,_enumplace_t__print@16,983,,
enumplace_t__touval,_enumplace_t__touval@8,540,,
enums,_enums,860,DATA,
equal_bytes,_equal_bytes@20,838,,
equal_types,_equal_types@12,836,,
eread,_eread@12,110,,
errorexit,_errorexit,960,DATA,
eseek,_eseek@8,518,,
eshift,_eshift@8,944,,
ewrite,_ewrite@12,348,,
execute,_execute@4,351,,
expand_struc,_expand_struc@16,103,,
extract_func_ret_type,_extract_func_ret_type@12,307,,
extract_name,_extract_name@16,248,,
extract_pstr,_extract_pstr@12,812,,
file2base,_file2base@20,323,,
find_binary,_find_binary@20,1099,,
find_byte,_find_byte@16,354,,
find_byter,_find_byter@16,762,,
find_code,_find_code@8,170,,
find_data,_find_data@8,58,,
find_defined,_find_defined@8,121,,
find_error,_find_error@12,777,,
find_free_selector,_find_free_selector@0,783,,
find_func_bounds,_find_func_bounds@12,825,,
find_imm,_find_imm@16,591,,
find_ioport,_find_ioport@12,1003,,
find_ioport_bit,_find_ioport_bit@16,956,,
find_not_func,_find_not_func@8,84,,
find_notype,_find_notype@12,316,,
find_regvar,_find_regvar@20,729,,
find_selector,_find_selector@4,782,,
find_text,_find_text@20,1045,,
find_unknown,_find_unknown@8,667,,
find_void,_find_void@12,126,,
finish_makeline,_finish_makeline@4,277,,
first_named_type,_first_named_type@8,293,,
fixup_node,_fixup_node,174,DATA,
flush_buffers,_flush_buffers@0,881,,
fopenA,_fopenA@4,55,,
fopenM,_fopenM@4,594,,
fopenRB,_fopenRB@4,72,,
fopenRT,_fopenRT@4,1002,,
fopenWB,_fopenWB@4,73,,
fopenWT,_fopenWT@4,1036,,
foreach_strmem,_foreach_strmem@24,578,,
freadbytes,_freadbytes@16,843,,
free_dll,_free_dll@4,564,,
free_funcarg_arrays,_free_funcarg_arrays@12,910,,
free_idasgn,_free_idasgn@4,637,,
free_ioports,_free_ioports@8,906,,
free_loaders_list,_free_loaders_list@4,1009,,
free_til,_free_til@4,559,,
freechunk,_freechunk@12,523,,
func_does_return,_func_does_return@4,657,,
func_item_iterator_decode_prev_insn,_func_item_iterator_decode_prev_insn@4,664,,
func_item_iterator_next,_func_item_iterator_next@12,1044,,
func_item_iterator_prev,_func_item_iterator_prev@12,1056,,
func_parent_iterator_set,_func_parent_iterator_set@8,930,,
func_setend,_func_setend@8,144,,
func_setstart,_func_setstart@8,999,,
func_tail_iterator_set,_func_tail_iterator_set@12,929,,
funcs,_funcs,820,DATA,
fwritebytes,_fwritebytes@16,846,,
gen_abssym,_gen_abssym@8,626,,
gen_colored_cmt_line_v,_gen_colored_cmt_line_v@12,1049,,
gen_comvar,_gen_comvar@8,737,,
gen_decorate_name,_gen_decorate_name@28,229,,
gen_exe_file,_gen_exe_file@4,191,,
gen_extern,_gen_extern@8,656,,
gen_file,_gen_file@20,193,,
gen_fix_fixups,_gen_fix_fixups@12,875,,
gen_gdl,_gen_gdl@8,544,,
gen_name_decl,_gen_name_decl@8,542,,
gen_spcdef,_gen_spcdef@8,395,,
gen_use_arg_types,_gen_use_arg_types@48,835,,
generate_big_comment,_generate_big_comment@8,976,,
generate_disasm_line,_generate_disasm_line@16,273,,
generate_disassembly,_generate_disassembly@20,1094,,
generate_many_lines,_generate_many_lines@8,832,,
getDefaultRadix,_getDefaultRadix@0,1084,,
getRadix,_getRadix@8,1083,,
getRadixEA,_getRadixEA@8,54,,
getSR,_getSR@8,799,,
get_16bit,_get_16bit@4,951,,
get_32bit,_get_32bit@4,949,,
get_3byte,_get_3byte@4,352,,
get_64bit,_get_64bit@4,950,,
get_8bit,_get_8bit@12,953,,
get_aflags,_get_aflags@4,851,,
get_ascii_contents,_get_ascii_contents@20,903,,
get_basic_file_type,_get_basic_file_type@4,297,,
get_best_fit_member,_get_best_fit_member@8,748,,
get_byte,_get_byte@4,358,,
get_cmt,_get_cmt@16,972,,
get_colored_demangled_name,_get_colored_demangled_name@28,216,,
get_colored_name,_get_colored_name@16,219,,
get_compiler_name,_get_compiler_name@4,247,,
get_const,_get_const@16,1022,,
get_const_by_name,_get_const_by_name@4,256,,
get_current_idasgn,_get_current_idasgn@0,639,,
get_da,_get_da@12,30,,
get_data_type_size,_get_data_type_size@8,377,,
get_data_value,_get_data_value@12,361,,
get_de,_get_de@8,167,,
get_debug_name,_get_debug_name@16,234,,
get_debug_name_ea,_get_debug_name_ea@4,36,,
get_debugger_plugins,_get_debugger_plugins@4,862,,
get_default_reftype,_get_default_reftype@4,313,,
get_demangled_name,_get_demangled_name@28,217,,
get_dt,_get_dt@4,919,,
get_dtyp_by_size,_get_dtyp_by_size@4,384,,
get_dtyp_flag,_get_dtyp_flag@4,426,,
get_dtyp_size,_get_dtyp_size@4,380,,
get_entry,_get_entry@4,1102,,
get_entry_name,_get_entry_name@12,258,,
get_entry_ordinal,_get_entry_ordinal@4,533,,
get_entry_qty,_get_entry_qty@0,1111,,
get_enum,_get_enum@4,617,,
get_enum_id,_get_enum_id@12,124,,
get_file_ext,_get_file_ext@4,1037,,
get_file_type_name,_get_file_type_name@8,226,,
get_fileregion_ea,_get_fileregion_ea@4,39,,
get_fileregion_offset,_get_fileregion_offset@4,932,,
get_first_const,_get_first_const@8,1024,,
get_first_cref_from,_get_first_cref_from@4,595,,
get_first_cref_to,_get_first_cref_to@4,683,,
get_first_dref_from,_get_first_dref_from@4,599,,
get_first_dref_to,_get_first_dref_to@4,687,,
get_first_fcref_from,_get_first_fcref_from@4,597,,
get_first_fcref_to,_get_first_fcref_to@4,685,,
get_first_serial_const,_get_first_serial_const@16,1018,,
get_first_struc_idx,_get_first_struc_idx@0,1065,,
get_fixup_base,_get_fixup_base@8,326,,
get_fixup_desc,_get_fixup_desc@16,97,,
get_flags_ex,_get_flags_ex@8,1077,,
get_forced_operand,_get_forced_operand@16,134,,
get_frame,_get_frame@4,270,,
get_frame_retsize,_get_frame_retsize@4,393,,
get_frame_size,_get_frame_size@4,375,,
get_full_byte,_get_full_byte@4,357,,
get_full_long,_get_full_long@4,456,,
get_full_word,_get_full_word@4,151,,
get_func,_get_func@4,83,,
get_func_bitness,_get_func_bitness@4,888,,
get_func_chunknum,_get_func_chunknum@8,619,,
get_func_limits,_get_func_limits@8,901,,
get_func_name,_get_func_name@12,214,,
get_func_num,_get_func_num@4,612,,
get_func_qty,_get_func_qty@0,1106,,
get_group_selector,_get_group_selector@4,789,,
get_idainfo_by_type,_get_idainfo_by_type@24,310,,
get_idasgn_desc,_get_idasgn_desc@20,95,,
get_idasgn_header_by_short_name,_get_idasgn_header_by_short_name@4,251,,
get_idasgn_qty,_get_idasgn_qty@0,1108,,
get_idasgn_title,_get_idasgn_title@12,209,,
get_idc_filename,_get_idc_filename@12,259,,
get_idc_func_body,_get_idc_func_body@12,1092,,
get_idcpath,_get_idcpath@0,487,,
get_idp_desc,_get_idp_desc@12,96,,
get_idp_name,_get_idp_name@8,242,,
get_int_type_bit,_get_int_type_bit@4,955,,
get_item_color,_get_item_color@4,774,,
get_item_end,_get_item_end@4,140,,
get_item_flag,_get_item_flag@16,425,,
get_last_const,_get_last_const@8,1023,,
get_last_serial_const,_get_last_serial_const@16,1017,,
get_last_struc_idx,_get_last_struc_idx@0,1064,,
get_loader_name,_get_loader_name@8,246,,
get_loader_name_from_dll,_get_loader_name_from_dll@4,565,,
get_long,_get_long@4,458,,
get_long_queue_name,_get_long_queue_name@4,230,,
get_mangled_name_type,_get_mangled_name_type@4,298,,
get_manual_insn,_get_manual_insn@12,659,,
get_many_bytes,_get_many_bytes@12,840,,
get_max_ascii_length,_get_max_ascii_length@12,495,,
get_member,_get_member@8,747,,
get_member_by_fullname,_get_member_by_fullname@8,265,,
get_member_by_name,_get_member_by_name@8,255,,
get_member_name,_get_member_name@12,244,,
get_member_struc,_get_member_struc@4,106,,
get_member_ti,_get_member_ti@12,504,,
get_min_spd_ea,_get_min_spd_ea@4,35,,
get_name,_get_name@16,249,,
get_name_base_ea,_get_name_base_ea@8,38,,
get_name_color,_get_name_color@8,771,,
get_name_ea,_get_name_ea@8,37,,
get_name_expr,_get_name_expr@28,793,,
get_name_value,_get_name_value@12,362,,
get_named_type,_get_named_type@36,291,,
get_named_type_size,_get_named_type_size@16,378,,
get_next_const,_get_next_const@12,1025,,
get_next_cref_from,_get_next_cref_from@8,596,,
get_next_cref_to,_get_next_cref_to@8,684,,
get_next_dref_from,_get_next_dref_from@8,600,,
get_next_dref_to,_get_next_dref_to@8,688,,
get_next_fcref_from,_get_next_fcref_from@8,598,,
get_next_fcref_to,_get_next_fcref_to@8,686,,
get_next_func,_get_next_func@4,85,,
get_next_member_idx,_get_next_member_idx@8,1068,,
get_next_serial_const,_get_next_serial_const@8,1019,,
get_next_struc_idx,_get_next_struc_idx@4,1066,,
get_nice_colored_name,_get_nice_colored_name@16,218,,
get_nlist_ea,_get_nlist_ea@4,40,,
get_nlist_idx,_get_nlist_idx@4,1070,,
get_nlist_name,_get_nlist_name@4,252,,
get_nlist_size,_get_nlist_size@0,383,,
get_node_info,_get_node_info@16,669,,
get_offbase,_get_offbase@8,330,,
get_offset_expr,_get_offset_expr@32,795,,
get_offset_expression,_get_offset_expression@28,650,,
get_op_ti,_get_op_ti@24,502,,
get_operand_immvals,_get_operand_immvals@12,859,,
get_or_guess_member_type,_get_or_guess_member_type@12,303,,
get_original_byte,_get_original_byte@4,356,,
get_original_long,_get_original_long@4,454,,
get_original_word,_get_original_word@4,150,,
get_plugin_options,_get_plugin_options@4,867,,
get_plugins,_get_plugins@0,863,,
get_pointer_object_size,_get_pointer_object_size@4,382,,
get_predef_cmt,_get_predef_cmt@16,967,,
get_predef_insn_cmt,_get_predef_insn_cmt@12,969,,
get_prev_const,_get_prev_const@12,1026,,
get_prev_func,_get_prev_func@4,86,,
get_prev_member_idx,_get_prev_member_idx@8,1069,,
get_prev_serial_const,_get_prev_serial_const@8,1020,,
get_qword,_get_qword@4,155,,
get_refinfo,_get_refinfo@12,674,,
get_reg_name,_get_reg_name@20,233,,
get_root_filename,_get_root_filename@8,261,,
get_segm_base,_get_segm_base@4,325,,
get_segm_by_name,_get_segm_by_name@4,254,,
get_segm_by_sel,_get_segm_by_sel@4,552,,
get_segm_class,_get_segm_class@12,884,,
get_segm_name,_get_segm_name@12,239,,
get_segm_para,_get_segm_para@4,57,,
get_segment_alignment,_get_segment_alignment@4,978,,
get_segment_combination,_get_segment_combination@4,652,,
get_segment_translations,_get_segment_translations@12,865,,
get_selector_qty,_get_selector_qty@0,1109,,
get_short_queue_name,_get_short_queue_name@4,231,,
get_sig_filename,_get_sig_filename@12,260,,
get_source_linnum,_get_source_linnum@4,621,,
get_sourcefile,_get_sourcefile@8,199,,
get_sp_delta,_get_sp_delta@8,61,,
get_spd,_get_spd@8,147,,
get_spoiled_reg,_get_spoiled_reg@8,433,,
get_sptr,_get_sptr@4,804,,
get_stkvar,_get_stkvar@12,735,,
get_strlist_item,_get_strlist_item@8,582,,
get_strlist_qty,_get_strlist_qty@0,1110,,
get_stroff_path,_get_stroff_path@16,483,,
get_struc,_get_struc@4,107,,
get_struc_by_idx,_get_struc_by_idx@4,1071,,
get_struc_first_offset,_get_struc_first_offset@4,936,,
get_struc_idx,_get_struc_idx@4,1062,,
get_struc_last_offset,_get_struc_last_offset@4,935,,
get_struc_next_offset,_get_struc_next_offset@8,937,,
get_struc_prev_offset,_get_struc_prev_offset@8,938,,
get_struc_qty,_get_struc_qty@0,1107,,
get_struc_size,_get_struc_size@4,373,,
get_struct_member,_get_struct_member@48,746,,
get_struct_operand,_get_struct_operand@20,137,,
get_ti,_get_ti@20,506,,
get_tilpath,_get_tilpath@8,490,,
get_true_name,_get_true_name@16,232,,
get_true_segm_name,_get_true_segm_name@12,238,,
get_type_signness,_get_type_signness@4,886,,
get_type_size,_get_type_size@12,379,,
get_typeinfo,_get_typeinfo@16,671,,
get_unk_type_bit,_get_unk_type_bit@4,954,,
get_user_idadir,_get_user_idadir@0,767,,
get_word,_get_word@4,152,,
getdspace,_getdspace@4,163,,
getn_func,_getn_func@4,82,,
getn_selector,_getn_selector@12,788,,
getsysfile,_getsysfile@16,206,,
gl_bpsize,_gl_bpsize,392,DATA,
gl_comm,_gl_comm,592,DATA,
gl_name,_gl_name,237,DATA,
gl_psize,_gl_psize,391,DATA,
gl_xref,_gl_xref,404,DATA,
grentry,_grentry,1103,DATA,
guess_func_type,_guess_func_type@20,287,,
guess_table_address,_guess_table_address@0,890,,
guess_table_size,_guess_table_size@4,374,,
guess_type,_guess_type@20,306,,
h2ti,_h2ti@36,501,,
has_external_refs,_has_external_refs@8,847,,
hidden_areas,_hidden_areas,818,DATA,
hide_name,_hide_name@4,221,,
hook_to_notification_point,_hook_to_notification_point@12,980,,
ida_checkmem,_ida_checkmem@8,577,,
idadir,_idadir@4,766,,
idaplace_t__adjust,_idaplace_t__adjust@8,1027,,
idaplace_t__beginning,_idaplace_t__beginning@8,445,,
idaplace_t__clone,_idaplace_t__clone@4,283,,
idaplace_t__compare,_idaplace_t__compare@8,318,,
idaplace_t__copyfrom,_idaplace_t__copyfrom@8,605,,
idaplace_t__ending,_idaplace_t__ending@8,441,,
idaplace_t__generate,_idaplace_t__generate@28,343,,
idaplace_t__makeplace,_idaplace_t__makeplace@16,159,,
idaplace_t__next,_idaplace_t__next@8,1040,,
idaplace_t__prev,_idaplace_t__prev@8,1052,,
idaplace_t__print,_idaplace_t__print@16,982,,
idaplace_t__touval,_idaplace_t__touval@8,539,,
idati,_idati,508,DATA,
idb2scr,_idb2scr@4,739,,
ieee_eone,_ieee_eone,282,DATA,
ieee_ezero,_ieee_ezero,679,DATA,
ieee_realcvt,_ieee_realcvt@12,1035,,
import_module,_import_module@20,212,,
import_node,_import_node,175,DATA,
inf,_inf,416,DATA,
init_database,_init_database@12,329,,
init_kernel,_init_kernel@12,551,,
init_lines_array,_init_lines_array@8,1088,,
init_loader_options,_init_loader_options@8,868,,
init_output_buffer,_init_output_buffer@8,755,,
init_plugins,_init_plugins@4,864,,
intel_data,_intel_data@4,59,,
invalidate_dbgmem_config,_invalidate_dbgmem_config@0,440,,
invalidate_dbgmem_contents,_invalidate_dbgmem_contents@8,904,,
invalidate_visea_cache,_invalidate_visea_cache@0,183,,
invoke_callbacks,_invoke_callbacks@12,856,,
invoke_plugin,_invoke_plugin@4,644,,
isChar,_isChar@8,724,,
isDefArg,_isDefArg@8,464,,
isEnabled,_isEnabled@4,120,,
isEnum,_isEnum@8,618,,
isFltnum,_isFltnum@8,625,,
isFop,_isFop@8,706,,
isLoaded,_isLoaded@4,118,,
isNum,_isNum@8,624,,
isNum0,_isNum0@4,2,,
isNum1,_isNum1@4,4,,
isOff,_isOff@8,411,,
isSeg,_isSeg@8,439,,
isStkvar,_isStkvar@8,736,,
isStroff,_isStroff@8,410,,
isVoid,_isVoid@12,128,,
is_basic_block_end,_is_basic_block_end@4,139,,
is_bnot,_is_bnot@12,990,,
is_call_insn,_is_call_insn@4,661,,
is_castable,_is_castable@8,186,,
is_database_ext,_is_database_ext@4,1039,,
is_debugger_on,_is_debugger_on@0,647,,
is_forced_operand,_is_forced_operand@8,133,,
is_ident_char,_is_ident_char@4,720,,
is_in_nlist,_is_in_nlist@4,1011,,
is_invsign,_is_invsign@12,636,,
is_lzero,_is_lzero@8,681,,
is_manual_insn,_is_manual_insn@4,658,,
is_miniidb,_is_miniidb@0,68,,
is_name_defined_locally,_is_name_defined_locally@20,1095,,
is_public_name,_is_public_name@4,213,,
is_resolved_type_array,_is_resolved_type_array@4,1086,,
is_resolved_type_bitfld,_is_resolved_type_bitfld@4,129,,
is_resolved_type_complex,_is_resolved_type_complex@4,1082,,
is_resolved_type_const,_is_resolved_type_const@4,1016,,
is_resolved_type_enum,_is_resolved_type_enum@4,614,,
is_resolved_type_func,_is_resolved_type_func@4,80,,
is_resolved_type_ptr,_is_resolved_type_ptr@4,802,,
is_resolved_type_struct,_is_resolved_type_struct@4,918,,
is_resolved_type_union,_is_resolved_type_union@4,649,,
is_resolved_type_void,_is_resolved_type_void@4,127,,
is_ret_insn,_is_ret_insn@8,662,,
is_spec_ea,_is_spec_ea@4,34,,
is_spec_segm,_is_spec_segm@4,585,,
is_special_member,_is_special_member@4,745,,
is_type_scalar,_is_type_scalar@4,727,,
is_uname,_is_uname@4,267,,
is_varmember,_is_varmember@4,749,,
is_visible_char,_is_visible_char@4,718,,
is_weak_name,_is_weak_name@4,236,,
isident,_isident@4,975,,
isregd,_isregd,123,DATA,
iterate_func_chunks,_iterate_func_chunks@16,858,,
ivalue,_ivalue@12,365,,
l_compare,_l_compare@8,321,,
leading_zero_important,_leading_zero_important@8,974,,
lex_define,_lex_define@20,271,,
lex_enum_macros,_lex_enum_macros@12,871,,
lex_undef,_lex_undef@8,397,,
line_lxget,_line_lxget@8,927,,
linearray_t_beginning,_linearray_t_beginning@4,448,,
linearray_t_ctr,_linearray_t_ctr@8,800,,
linearray_t_down,_linearray_t_down@4,666,,
linearray_t_dtr,_linearray_t_dtr@4,801,,
linearray_t_ending,_linearray_t_ending@4,444,,
linearray_t_set_place,_linearray_t_set_place@8,158,,
linearray_t_up,_linearray_t_up@4,711,,
llong_scan,_llong_scan@12,627,,
lnar_size,_lnar_size,381,DATA,
load_binary_file,_load_binary_file@28,195,,
load_dll_or_say,_load_dll_or_say@8,1090,,
load_ids_module,_load_ids_module@4,211,,
load_loader_module,_load_loader_module@16,210,,
load_nonbinary_file,_load_nonbinary_file@20,196,,
load_plugin,_load_plugin@4,643,,
load_til,_load_til@16,557,,
load_til_header,_load_til_header@16,751,,
location_get,_location_get@8,922,,
location_jump,_location_jump@8,703,,
location_linkTo,_location_linkTo@8,694,,
location_mark,_location_mark@16,528,,
location_pop,_location_pop@8,708,,
location_push_and_jump,_location_push_and_jump@28,702,,
lookback,_lookback,514,DATA,
lowbits,_lowbits,900,DATA,
lread,_lread@12,112,,
lreadbytes,_lreadbytes@16,844,,
lxascii,_lxascii@12,498,,
lxget,_lxget@8,926,,
lxgets,_lxgets@8,894,,
lxgetserr,_lxgetserr@16,798,,
lxgetsini,_lxgetsini@8,499,,
lxgetstrm,_lxgetstrm@8,610,,
lxini,_lxini@12,500,,
make_ascii_string,_make_ascii_string@12,449,,
make_linput,_make_linput@4,1031,,
make_name_auto,_make_name_auto@4,695,,
make_name_non_public,_make_name_non_public@4,76,,
make_name_non_weak,_make_name_non_weak@4,513,,
make_name_public,_make_name_public@4,75,,
make_name_user,_make_name_user@4,760,,
make_name_weak,_make_name_weak@4,512,,
make_visible_name,_make_visible_name@12,223,,
mem2base,_mem2base@16,324,,
memicmp,_memicmp,699,,
memrev,_memrev@8,1051,,
move_segm,_move_segm@12,588,,
move_segm_start,_move_segm_start@12,995,,
nbits,_nbits@4,899,,
net_patch,_net_patch,473,DATA,
netnode_altadjust,_netnode_altadjust@20,1030,,
netnode_altshift,_netnode_altshift@20,947,,
netnode_altval,_netnode_altval@12,538,,
netnode_altval_idx8,_netnode_altval_idx8@12,22,,
netnode_blobsize,_netnode_blobsize@12,385,,
netnode_charshift,_netnode_charshift@20,946,,
netnode_charval,_netnode_charval@12,537,,
netnode_charval_idx8,_netnode_charval_idx8@12,21,,
netnode_check,_netnode_check@16,517,,
netnode_copy,_netnode_copy@16,1098,,
netnode_delblob,_netnode_delblob@12,69,,
netnode_delvalue,_netnode_delvalue@4,368,,
netnode_end,_netnode_end@4,138,,
netnode_exist,_netnode_exist@4,1013,,
netnode_getblob,_netnode_getblob@20,70,,
netnode_hash1st,_netnode_hash1st@16,1004,,
netnode_hashdel,_netnode_hashdel@12,548,,
netnode_hashlast,_netnode_hashlast@16,1006,,
netnode_hashnxt,_netnode_hashnxt@20,1046,,
netnode_hashprev,_netnode_hashprev@20,1057,,
netnode_hashset,_netnode_hashset@20,939,,
netnode_hashstr,_netnode_hashstr@20,809,,
netnode_hashval,_netnode_hashval@20,535,,
netnode_hashval_long,_netnode_hashval_long@12,455,,
netnode_inited,_netnode_inited@0,122,,
netnode_kill,_netnode_kill@4,568,,
netnode_name,_netnode_name@12,222,,
netnode_next,_netnode_next@4,1043,,
netnode_prev,_netnode_prev@4,1055,,
netnode_rename,_netnode_rename@12,262,,
netnode_set,_netnode_set@12,928,,
netnode_setblob,_netnode_setblob@20,71,,
netnode_start,_netnode_start@4,994,,
netnode_sup1st,_netnode_sup1st@8,1005,,
netnode_sup1st_idx8,_netnode_sup1st_idx8@8,26,,
netnode_supdel,_netnode_supdel@12,549,,
netnode_supdel_all,_netnode_supdel_all@8,563,,
netnode_supdel_idx8,_netnode_supdel_idx8@12,23,,
netnode_suplast,_netnode_suplast@8,1007,,
netnode_suplast_idx8,_netnode_suplast_idx8@8,27,,
netnode_supnxt,_netnode_supnxt@12,1047,,
netnode_supnxt_idx8,_netnode_supnxt_idx8@12,28,,
netnode_supprev,_netnode_supprev@12,1058,,
netnode_supprev_idx8,_netnode_supprev_idx8@12,29,,
netnode_supset,_netnode_supset@20,940,,
netnode_supset_idx8,_netnode_supset_idx8@20,25,,
netnode_supshift,_netnode_supshift@20,945,,
netnode_supstr,_netnode_supstr@20,813,,
netnode_supstr_idx8,_netnode_supstr_idx8@20,24,,
netnode_supval,_netnode_supval@20,536,,
netnode_supval_idx8,_netnode_supval_idx8@20,20,,
netnode_valobj,_netnode_valobj@12,511,,
netnode_valstr,_netnode_valstr@12,811,,
new_til,_new_til@8,562,,
next_head,_next_head@8,108,,
next_named_type,_next_named_type@12,294,,
next_not_tail,_next_not_tail@4,555,,
next_visea,_next_visea@4,52,,
nextaddr,_nextaddr@4,741,,
nextchunk,_nextchunk@4,524,,
nextthat,_nextthat@16,914,,
noImmd,_noImmd@4,132,,
noType,_noType@8,315,,
node_iterator_goup,_node_iterator_goup@4,713,,
numflag,_numflag@0,428,,
numop2str,_numop2str@32,806,,
op_enum,_op_enum@16,616,,
op_offset,_op_offset@24,933,,
op_offset_ex,_op_offset_ex@12,1078,,
op_seg,_op_seg@8,435,,
op_stkvar,_op_stkvar@8,734,,
op_stroff,_op_stroff@20,409,,
openM,_openM@4,593,,
openR,_openR@4,770,,
openRT,_openRT@4,1001,,
open_linput,_open_linput@8,1034,,
out_addr_tag,_out_addr_tag@4,430,,
out_colored_register_line,_out_colored_register_line@4,274,,
out_insert,_out_insert@8,1000,,
out_line,_out_line@8,275,,
out_long,_out_long@8,459,,
out_name_expr,_out_name_expr@12,794,,
out_one_operand,_out_one_operand@4,136,,
out_real,_out_real@16,531,,
out_snprintf,_out_snprintf,421,,
out_symbol,_out_symbol@4,571,,
out_tagoff,_out_tagoff@4,408,,
out_tagon,_out_tagon@4,648,,
pack_dd,_pack_dd@12,115,,
pack_dq,_pack_dq@16,716,,
pack_ds,_pack_ds@16,822,,
pack_dw,_pack_dw@12,1060,,
parse_type,_parse_type@20,299,,
parse_types,_parse_types@12,834,,
patch_byte,_patch_byte@8,355,,
patch_long,_patch_long@12,453,,
patch_many_bytes,_patch_many_bytes@12,839,,
patch_word,_patch_word@12,149,,
ph,_ph,474,DATA,
plan_to_apply_idasgn,_plan_to_apply_idasgn@4,641,,
power2,_power2,13,DATA,
prev_head,_prev_head@8,109,,
prev_not_tail,_prev_not_tail@4,556,,
prev_visea,_prev_visea@4,53,,
prevaddr,_prevaddr@4,742,,
prevchunk,_prevchunk@4,525,,
prevthat,_prevthat@16,915,,
print,_print@24,981,,
print_ascii_string_type,_print_ascii_string_type@12,300,,
print_disp,_print_disp@12,710,,
print_type,_print_type@16,308,,
print_type_to_many_lines,_print_type_to_many_lines@44,833,,
print_type_to_one_line,_print_type_to_one_line@32,272,,
printf_line_v,_printf_line_v@12,1048,,
process_zipfile,_process_zipfile@12,203,,
put_byte,_put_byte@8,359,,
put_long,_put_long@12,460,,
put_many_bytes,_put_many_bytes@12,841,,
put_qword,_put_qword@12,156,,
put_word,_put_word@12,153,,
qalloc,_qalloc@4,92,,
qatexit,_qatexit@4,961,,
qbasename,_qbasename@4,263,,
qcalloc,_qcalloc@8,90,,
qchsize,_qchsize@8,388,,
qclose,_qclose@4,333,,
qcreate,_qcreate@8,339,,
qerrcode,_qerrcode@4,173,,
qerrno,_qerrno,676,DATA,
qerrstr,_qerrstr@4,814,,
qexit,_qexit@4,959,,
qfclose,_qfclose@4,332,,
qfgetc,_qfgetc@4,99,,
qfgets,_qfgets@12,891,,
qfileexist,_qfileexist@4,1014,,
qfilelength,_qfilelength@4,497,,
qfilesize,_qfilesize@4,386,,
qflush,_qflush@4,478,,
qfopen,_qfopen@8,629,,
qfputc,_qfputc@8,101,,
qfputs,_qfputs@8,907,,
qfread,_qfread@12,111,,
qfree,_qfree@4,179,,
qfseek,_qfseek@12,519,,
qftell,_qftell@4,566,,
qfwrite,_qfwrite@12,349,,
qgets,_qgets@8,893,,
qisabspath,_qisabspath@4,491,,
qisdir,_qisdir@4,769,,
qivalue,_qivalue@4,366,,
qlfile,_qlfile@4,202,,
qlgetc,_qlgetc@4,100,,
qlgets,_qlgets@12,892,,
qlread,_qlread@12,113,,
qlseek,_qlseek@12,520,,
qlsize,_qlsize@4,390,,
qmake_full_path,_qmake_full_path@12,485,,
qmakefile,_qmakefile@16,200,,
qmakepath,_qmakepath,488,,
qmkdir,_qmkdir@8,768,,
qopen,_qopen@8,630,,
qread,_qread@12,114,,
qrealloc,_qrealloc@8,91,,
qseek,_qseek@12,521,,
qsnprintf,_qsnprintf,422,,
qsplitfile,_qsplitfile@12,207,,
qsplitpath,_qsplitpath@12,492,,
qsscanf,_qsscanf,414,,
qstpncpy,_qstpncpy@12,1096,,
qstrdup,_qstrdup@4,712,,
qstrerror,_qstrerror@12,780,,
qstrncat,_qstrncat@12,913,,
qstrncpy,_qstrncpy@12,1097,,
qtell,_qtell@4,567,,
qtmpfile,_qtmpfile@0,204,,
qtmpnam,_qtmpnam@8,575,,
qvfprintf,_qvfprintf@12,419,,
qvfscanf,_qvfscanf@12,413,,
qvprintf,_qvprintf@8,424,,
qvsnprintf,_qvsnprintf@16,423,,
qvsscanf,_qvsscanf@12,415,,
qwrite,_qwrite@12,350,,
r50_to_asc,_r50_to_asc@12,93,,
read2bytes,_read2bytes@12,837,,
read_ioports,_read_ioports@20,905,,
read_regargs,_read_regargs@4,855,,
read_struc_path,_read_struc_path@16,480,,
read_user_config_file,_read_user_config_file@12,192,,
readbytes,_readbytes@16,842,,
realtoasc,_realtoasc@16,94,,
reanalyze_callers,_reanalyze_callers@8,882,,
reanalyze_function,_reanalyze_function@16,654,,
rebase_program,_rebase_program@8,576,,
rebuild_nlist,_rebuild_nlist@0,1010,,
recalc_spd,_recalc_spd@4,146,,
refresh_strlist,_refresh_strlist@8,1012,,
regcomp,_regcomp@12,700,,
regerror,_regerror@16,778,,
regex_match,_regex_match@12,472,,
regexec,_regexec@20,74,,
regfree,_regfree@4,178,,
reload_file,_reload_file@8,189,,
remove_constness,_remove_constness@4,889,,
remove_func_tail,_remove_func_tail@8,554,,
remove_pointerness,_remove_pointerness@8,887,,
rename_entry,_rename_entry@8,1101,,
rename_named_type,_rename_named_type@16,288,,
rename_regvar,_rename_regvar@12,730,,
reorder_dummy_names,_reorder_dummy_names@0,831,,
resolve_complex_type,_resolve_complex_type@24,309,,
resolve_typedef,_resolve_typedef@12,396,,
rotate_left,_rotate_left@16,943,,
run_plugin,_run_plugin@8,645,,
sanitize_file_name,_sanitize_file_name@8,225,,
save_database,_save_database@8,327,,
save_line_in_array,_save_line_in_array@4,1087,,
save_struc,_save_struc@4,104,,
scr2idb,_scr2idb@4,66,,
search,_search@24,469,,
segm_adjust_diff,_segm_adjust_diff@8,405,,
segm_adjust_ea,_segm_adjust_ea@8,41,,
segs,_segs,854,DATA,
segtype,_segtype@4,314,,
sel2ea,_sel2ea@4,32,,
setFlags,_setFlags@8,853,,
setFlbits,_setFlbits@8,898,,
set_abits,_set_abits@8,896,,
set_aflags,_set_aflags@8,852,,
set_argloc,_set_argloc@16,89,,
set_cmt,_set_cmt@12,973,,
set_da,_set_da@12,31,,
set_dbgmem_source,_set_dbgmem_source@12,166,,
set_de,_set_de@8,168,,
set_debug_name,_set_debug_name@8,235,,
set_debug_names,_set_debug_names@12,830,,
set_default_dataseg,_set_default_dataseg@4,437,,
set_dt,_set_dt@8,920,,
set_dummy_name,_set_dummy_name@8,257,,
set_enum_bf,_set_enum_bf@8,394,,
set_enum_cmt,_set_enum_cmt@12,968,,
set_enum_id,_set_enum_id@16,125,,
set_enum_idx,_set_enum_idx@8,1067,,
set_enum_name,_set_enum_name@8,241,,
set_file_ext,_set_file_ext@16,1038,,
set_fixup,_set_fixup@8,714,,
set_fixup_ex,_set_fixup_ex@12,1076,,
set_forced_operand,_set_forced_operand@12,135,,
set_frame_size,_set_frame_size@16,376,,
set_func_name_if_jumpfunc,_set_func_name_if_jumpfunc@8,88,,
set_graph_dispatcher,_set_graph_dispatcher@4,756,,
set_group_selector,_set_group_selector@8,790,,
set_header_path,_set_header_path@8,486,,
set_idc_func,_set_idc_func@12,77,,
set_idc_func_body,_set_idc_func_body@16,1093,,
set_item_color,_set_item_color@8,775,,
set_lzero,_set_lzero@8,682,,
set_manual_insn,_set_manual_insn@8,660,,
set_member_cmt,_set_member_cmt@12,971,,
set_member_name,_set_member_name@12,245,,
set_member_ti,_set_member_ti@16,505,,
set_member_type,_set_member_type@20,304,,
set_name,_set_name@12,250,,
set_named_type,_set_named_type@36,292,,
set_node_info,_set_node_info@20,670,,
set_offset,_set_offset@12,934,,
set_op_ti,_set_op_ti@16,503,,
set_op_type,_set_op_type@12,302,,
set_output_ptr,_set_output_ptr@4,803,,
set_processor_type,_set_processor_type@8,305,,
set_refinfo,_set_refinfo@24,675,,
set_refinfo_ex,_set_refinfo_ex@12,1075,,
set_regvar_cmt,_set_regvar_cmt@12,970,,
set_segm_addressing,_set_segm_addressing@8,451,,
set_segm_class,_set_segm_class@8,885,,
set_segm_end,_set_segm_end@12,142,,
set_segm_start,_set_segm_start@12,996,,
set_segment_translations,_set_segment_translations@8,866,,
set_selector,_set_selector@8,792,,
set_source_linnum,_set_source_linnum@8,622,,
set_sreg_at_next_code,_set_sreg_at_next_code@16,171,,
set_strlist_options,_set_strlist_options@4,869,,
set_stroff_path,_set_stroff_path@20,484,,
set_struc_cmt,_set_struc_cmt@12,964,,
set_struc_idx,_set_struc_idx@8,1063,,
set_struc_name,_set_struc_name@8,215,,
set_tail_owner,_set_tail_owner@8,758,,
set_target_assembler,_set_target_assembler@4,757,,
set_thread_priority,_set_thread_priority@8,1104,,
set_ti,_set_ti@12,507,,
set_typeinfo,_set_typeinfo@16,672,,
set_user_defined_prefix,_set_user_defined_prefix@8,1085,,
set_visible_func,_set_visible_func@8,79,,
set_visible_segm,_set_visible_segm@8,587,,
setup_graph_subsystem,_setup_graph_subsystem@8,584,,
setup_makeline,_setup_makeline@28,278,,
setup_selector,_setup_selector@4,791,,
showAsChar,_showAsChar@12,723,,
show_name,_show_name@4,253,,
sistack_t_flush,_sistack_t_flush@4,477,,
skipSpaces,_skipSpaces@4,826,,
splitSRarea1,_splitSRarea1@20,3,,
std_gen_func_header,_std_gen_func_header@4,750,,
std_gen_segm_footer,_std_gen_segm_footer@4,761,,
stoa,_stoa@16,56,,
store_til,_store_til@12,560,,
str2ea,_str2ea@12,33,,
str2reg,_str2reg@4,432,,
str2regf,_str2regf@4,412,,
str2user,_str2user@12,759,,
strarray,_strarray@12,1089,,
stristr,_stristr@8,810,,
strrpl,_strrpl@12,573,,
structplace_t__adjust,_structplace_t__adjust@8,1029,,
structplace_t__beginning,_structplace_t__beginning@8,447,,
structplace_t__clone,_structplace_t__clone@4,285,,
structplace_t__compare,_structplace_t__compare@8,320,,
structplace_t__copyfrom,_structplace_t__copyfrom@8,607,,
structplace_t__ending,_structplace_t__ending@8,443,,
structplace_t__generate,_structplace_t__generate@28,345,,
structplace_t__makeplace,_structplace_t__makeplace@16,161,,
structplace_t__next,_structplace_t__next@8,1042,,
structplace_t__prev,_structplace_t__prev@8,1054,,
structplace_t__print,_structplace_t__print@16,984,,
structplace_t__touval,_structplace_t__touval@8,541,,
swap128,_swap128@4,19,,
swap64,_swap64@8,17,,
tag_addchr,_tag_addchr@16,765,,
tag_addr,_tag_addr@12,740,,
tag_addstr,_tag_addstr@16,808,,
tag_advance,_tag_advance@8,165,,
tag_off,_tag_off@12,406,,
tag_on,_tag_on@12,646,,
tag_remove,_tag_remove@12,372,,
tag_skipcode,_tag_skipcode@4,172,,
tag_skipcodes,_tag_skipcodes@4,827,,
tag_strlen,_tag_strlen@4,628,,
take_memory_snapshot,_take_memory_snapshot@4,988,,
term_database,_term_database@0,328,,
term_kernel,_term_kernel@0,550,,
term_output_buffer,_term_output_buffer@0,754,,
term_plugins,_term_plugins@4,861,,
til2idb,_til2idb@8,65,,
toggle_bnot,_toggle_bnot@8,989,,
toggle_sign,_toggle_sign@8,635,,
trim,_trim@4,590,,
try_to_add_libfunc,_try_to_add_libfunc@4,87,,
typeflag,_typeflag@16,427,,
uFlag,_uFlag,429,DATA,
ua_add_cref,_ua_add_cref@12,399,,
ua_add_dref,_ua_add_dref@12,402,,
ua_add_off_drefs,_ua_add_off_drefs@8,848,,
ua_ana0,_ua_ana0@4,1,,
ua_code,_ua_code@4,169,,
ua_dodata,_ua_dodata@8,60,,
ua_mnem,_ua_mnem@12,579,,
ua_next_byte,_ua_next_byte@0,360,,
ua_next_long,_ua_next_long@0,461,,
ua_next_qword,_ua_next_qword@0,157,,
ua_next_word,_ua_next_word@0,154,,
ua_outop,_ua_outop@16,709,,
ua_stkvar,_ua_stkvar@8,732,,
unhook_from_notification_point,_unhook_from_notification_point@12,979,,
unmake_linput,_unmake_linput@4,1032,,
unpack_dd,_unpack_dd@8,116,,
unpack_dq,_unpack_dq@8,717,,
unpack_ds,_unpack_ds@12,823,,
unpack_dw,_unpack_dw@8,1061,,
unpack_type,_unpack_type@32,301,,
update_fpd,_update_fpd@8,145,,
use_regarg_type_cb,_use_regarg_type_cb@24,63,,
user2bin,_user2bin@24,642,,
user2str,_user2str@12,807,,
validate_name,_validate_name@4,228,,
verror,_verror@8,781,,
vloader_failure,_vloader_failure@8,322,,
voidop,_voidop,705,DATA,
vqmakepath,_vqmakepath@16,489,,
vqperror,_vqperror@8,779,,
vset_segm_name,_vset_segm_name@12,240,,
vshow_hex,_vshow_hex@16,1081,,
vshow_hex_file,_vshow_hex_file@20,194,,
winerr,_winerr@4,797,,
write_struc_path,_write_struc_path@20,481,,
writebytes,_writebytes@16,845,,
xrefblk_t_first_from,_xrefblk_t_first_from@12,603,,
xrefblk_t_first_to,_xrefblk_t_first_to@12,690,,
xrefblk_t_next_from,_xrefblk_t_next_from@4,604,,
xrefblk_t_next_to,_xrefblk_t_next_to@4,691,,
xrefchar,_xrefchar@4,721,,
zip_deflate,_zip_deflate@12,340,,
zip_inflate,_zip_inflate@12,341,,
